{"frames":{"New Piskel0.png":{"frame":{"x":0,"y":0,"w":448,"h":448},"rotated":false,"trimmed":false,"spriteSourceSize":{"x":0,"y":0,"w":448,"h":448},"sourceSize":{"w":448,"h":448}},"New Piskel1.png":{"frame":{"x":448,"y":0,"w":448,"h":448},"rotated":false,"trimmed":false,"spriteSourceSize":{"x":0,"y":0,"w":448,"h":448},"sourceSize":{"w":448,"h":448}},"New Piskel2.png":{"frame":{"x":896,"y":0,"w":448,"h":448},"rotated":false,"trimmed":false,"spriteSourceSize":{"x":0,"y":0,"w":448,"h":448},"sourceSize":{"w":448,"h":448}},"New Piskel3.png":{"frame":{"x":1344,"y":0,"w":448,"h":448},"rotated":false,"trimmed":false,"spriteSourceSize":{"x":0,"y":0,"w":448,"h":448},"sourceSize":{"w":448,"h":448}},"New Piskel4.png":{"frame":{"x":1792,"y":0,"w":448,"h":448},"rotated":false,"trimmed":false,"spriteSourceSize":{"x":0,"y":0,"w":448,"h":448},"sourceSize":{"w":448,"h":448}},"New Piskel5.png":{"frame":{"x":2240,"y":0,"w":448,"h":448},"rotated":false,"trimmed":false,"spriteSourceSize":{"x":0,"y":0,"w":448,"h":448},"sourceSize":{"w":448,"h":448}},"New Piskel6.png":{"frame":{"x":2688,"y":0,"w":448,"h":448},"rotated":false,"trimmed":false,"spriteSourceSize":{"x":0,"y":0,"w":448,"h":448},"sourceSize":{"w":448,"h":448}},"New Piskel7.png":{"frame":{"x":3136,"y":0,"w":448,"h":448},"rotated":false,"trimmed":false,"spriteSourceSize":{"x":0,"y":0,"w":448,"h":448},"sourceSize":{"w":448,"h":448}},"New Piskel8.png":{"frame":{"x":0,"y":448,"w":448,"h":448},"rotated":false,"trimmed":false,"spriteSourceSize":{"x":0,"y":0,"w":448,"h":448},"sourceSize":{"w":448,"h":448}},"New Piskel9.png":{"frame":{"x":448,"y":448,"w":448,"h":448},"rotated":false,"trimmed":false,"spriteSourceSize":{"x":0,"y":0,"w":448,"h":448},"sourceSize":{"w":448,"h":448}},"New Piskel10.png":{"frame":{"x":896,"y":448,"w":448,"h":448},"rotated":false,"trimmed":false,"spriteSourceSize":{"x":0,"y":0,"w":448,"h":448},"sourceSize":{"w":448,"h":448}},"New Piskel11.png":{"frame":{"x":1344,"y":448,"w":448,"h":448},"rotated":false,"trimmed":false,"spriteSourceSize":{"x":0,"y":0,"w":448,"h":448},"sourceSize":{"w":448,"h":448}},"New Piskel12.png":{"frame":{"x":1792,"y":448,"w":448,"h":448},"rotated":false,"trimmed":false,"spriteSourceSize":{"x":0,"y":0,"w":448,"h":448},"sourceSize":{"w":448,"h":448}},"New Piskel13.png":{"frame":{"x":2240,"y":448,"w":448,"h":448},"rotated":false,"trimmed":false,"spriteSourceSize":{"x":0,"y":0,"w":448,"h":448},"sourceSize":{"w":448,"h":448}},"New Piskel14.png":{"frame":{"x":2688,"y":448,"w":448,"h":448},"rotated":false,"trimmed":false,"spriteSourceSize":{"x":0,"y":0,"w":448,"h":448},"sourceSize":{"w":448,"h":448}},"New Piskel15.png":{"frame":{"x":3136,"y":448,"w":448,"h":448},"rotated":false,"trimmed":false,"spriteSourceSize":{"x":0,"y":0,"w":448,"h":448},"sourceSize":{"w":448,"h":448}},"New Piskel16.png":{"frame":{"x":0,"y":896,"w":448,"h":448},"rotated":false,"trimmed":false,"spriteSourceSize":{"x":0,"y":0,"w":448,"h":448},"sourceSize":{"w":448,"h":448}},"New Piskel17.png":{"frame":{"x":448,"y":896,"w":448,"h":448},"rotated":false,"trimmed":false,"spriteSourceSize":{"x":0,"y":0,"w":448,"h":448},"sourceSize":{"w":448,"h":448}},"New Piskel18.png":{"frame":{"x":896,"y":896,"w":448,"h":448},"rotated":false,"trimmed":false,"spriteSourceSize":{"x":0,"y":0,"w":448,"h":448},"sourceSize":{"w":448,"h":448}},"New Piskel19.png":{"frame":{"x":1344,"y":896,"w":448,"h":448},"rotated":false,"trimmed":false,"spriteSourceSize":{"x":0,"y":0,"w":448,"h":448},"sourceSize":{"w":448,"h":448}},"New Piskel20.png":{"frame":{"x":1792,"y":896,"w":448,"h":448},"rotated":false,"trimmed":false,"spriteSourceSize":{"x":0,"y":0,"w":448,"h":448},"sourceSize":{"w":448,"h":448}},"New Piskel21.png":{"frame":{"x":2240,"y":896,"w":448,"h":448},"rotated":false,"trimmed":false,"spriteSourceSize":{"x":0,"y":0,"w":448,"h":448},"sourceSize":{"w":448,"h":448}},"New Piskel22.png":{"frame":{"x":2688,"y":896,"w":448,"h":448},"rotated":false,"trimmed":false,"spriteSourceSize":{"x":0,"y":0,"w":448,"h":448},"sourceSize":{"w":448,"h":448}},"New Piskel23.png":{"frame":{"x":3136,"y":896,"w":448,"h":448},"rotated":false,"trimmed":false,"spriteSourceSize":{"x":0,"y":0,"w":448,"h":448},"sourceSize":{"w":448,"h":448}},"New Piskel24.png":{"frame":{"x":0,"y":1344,"w":448,"h":448},"rotated":false,"trimmed":false,"spriteSourceSize":{"x":0,"y":0,"w":448,"h":448},"sourceSize":{"w":448,"h":448}},"New Piskel25.png":{"frame":{"x":448,"y":1344,"w":448,"h":448},"rotated":false,"trimmed":false,"spriteSourceSize":{"x":0,"y":0,"w":448,"h":448},"sourceSize":{"w":448,"h":448}},"New Piskel26.png":{"frame":{"x":896,"y":1344,"w":448,"h":448},"rotated":false,"trimmed":false,"spriteSourceSize":{"x":0,"y":0,"w":448,"h":448},"sourceSize":{"w":448,"h":448}},"New Piskel27.png":{"frame":{"x":1344,"y":1344,"w":448,"h":448},"rotated":false,"trimmed":false,"spriteSourceSize":{"x":0,"y":0,"w":448,"h":448},"sourceSize":{"w":448,"h":448}},"New Piskel28.png":{"frame":{"x":1792,"y":1344,"w":448,"h":448},"rotated":false,"trimmed":false,"spriteSourceSize":{"x":0,"y":0,"w":448,"h":448},"sourceSize":{"w":448,"h":448}},"New Piskel29.png":{"frame":{"x":2240,"y":1344,"w":448,"h":448},"rotated":false,"trimmed":false,"spriteSourceSize":{"x":0,"y":0,"w":448,"h":448},"sourceSize":{"w":448,"h":448}},"New Piskel30.png":{"frame":{"x":2688,"y":1344,"w":448,"h":448},"rotated":false,"trimmed":false,"spriteSourceSize":{"x":0,"y":0,"w":448,"h":448},"sourceSize":{"w":448,"h":448}},"New Piskel31.png":{"frame":{"x":3136,"y":1344,"w":448,"h":448},"rotated":false,"trimmed":false,"spriteSourceSize":{"x":0,"y":0,"w":448,"h":448},"sourceSize":{"w":448,"h":448}},"New Piskel32.png":{"frame":{"x":0,"y":1792,"w":448,"h":448},"rotated":false,"trimmed":false,"spriteSourceSize":{"x":0,"y":0,"w":448,"h":448},"sourceSize":{"w":448,"h":448}},"New Piskel33.png":{"frame":{"x":448,"y":1792,"w":448,"h":448},"rotated":false,"trimmed":false,"spriteSourceSize":{"x":0,"y":0,"w":448,"h":448},"sourceSize":{"w":448,"h":448}},"New Piskel34.png":{"frame":{"x":896,"y":1792,"w":448,"h":448},"rotated":false,"trimmed":false,"spriteSourceSize":{"x":0,"y":0,"w":448,"h":448},"sourceSize":{"w":448,"h":448}},"New Piskel35.png":{"frame":{"x":1344,"y":1792,"w":448,"h":448},"rotated":false,"trimmed":false,"spriteSourceSize":{"x":0,"y":0,"w":448,"h":448},"sourceSize":{"w":448,"h":448}},"New Piskel36.png":{"frame":{"x":1792,"y":1792,"w":448,"h":448},"rotated":false,"trimmed":false,"spriteSourceSize":{"x":0,"y":0,"w":448,"h":448},"sourceSize":{"w":448,"h":448}},"New Piskel37.png":{"frame":{"x":2240,"y":1792,"w":448,"h":448},"rotated":false,"trimmed":false,"spriteSourceSize":{"x":0,"y":0,"w":448,"h":448},"sourceSize":{"w":448,"h":448}},"New Piskel38.png":{"frame":{"x":2688,"y":1792,"w":448,"h":448},"rotated":false,"trimmed":false,"spriteSourceSize":{"x":0,"y":0,"w":448,"h":448},"sourceSize":{"w":448,"h":448}},"New Piskel39.png":{"frame":{"x":3136,"y":1792,"w":448,"h":448},"rotated":false,"trimmed":false,"spriteSourceSize":{"x":0,"y":0,"w":448,"h":448},"sourceSize":{"w":448,"h":448}},"New Piskel40.png":{"frame":{"x":0,"y":2240,"w":448,"h":448},"rotated":false,"trimmed":false,"spriteSourceSize":{"x":0,"y":0,"w":448,"h":448},"sourceSize":{"w":448,"h":448}},"New Piskel41.png":{"frame":{"x":448,"y":2240,"w":448,"h":448},"rotated":false,"trimmed":false,"spriteSourceSize":{"x":0,"y":0,"w":448,"h":448},"sourceSize":{"w":448,"h":448}},"New Piskel42.png":{"frame":{"x":896,"y":2240,"w":448,"h":448},"rotated":false,"trimmed":false,"spriteSourceSize":{"x":0,"y":0,"w":448,"h":448},"sourceSize":{"w":448,"h":448}},"New Piskel43.png":{"frame":{"x":1344,"y":2240,"w":448,"h":448},"rotated":false,"trimmed":false,"spriteSourceSize":{"x":0,"y":0,"w":448,"h":448},"sourceSize":{"w":448,"h":448}},"New Piskel44.png":{"frame":{"x":1792,"y":2240,"w":448,"h":448},"rotated":false,"trimmed":false,"spriteSourceSize":{"x":0,"y":0,"w":448,"h":448},"sourceSize":{"w":448,"h":448}},"New Piskel45.png":{"frame":{"x":2240,"y":2240,"w":448,"h":448},"rotated":false,"trimmed":false,"spriteSourceSize":{"x":0,"y":0,"w":448,"h":448},"sourceSize":{"w":448,"h":448}},"New Piskel46.png":{"frame":{"x":2688,"y":2240,"w":448,"h":448},"rotated":false,"trimmed":false,"spriteSourceSize":{"x":0,"y":0,"w":448,"h":448},"sourceSize":{"w":448,"h":448}},"New Piskel47.png":{"frame":{"x":3136,"y":2240,"w":448,"h":448},"rotated":false,"trimmed":false,"spriteSourceSize":{"x":0,"y":0,"w":448,"h":448},"sourceSize":{"w":448,"h":448}},"New Piskel48.png":{"frame":{"x":0,"y":2688,"w":448,"h":448},"rotated":false,"trimmed":false,"spriteSourceSize":{"x":0,"y":0,"w":448,"h":448},"sourceSize":{"w":448,"h":448}},"New Piskel49.png":{"frame":{"x":448,"y":2688,"w":448,"h":448},"rotated":false,"trimmed":false,"spriteSourceSize":{"x":0,"y":0,"w":448,"h":448},"sourceSize":{"w":448,"h":448}},"New Piskel50.png":{"frame":{"x":896,"y":2688,"w":448,"h":448},"rotated":false,"trimmed":false,"spriteSourceSize":{"x":0,"y":0,"w":448,"h":448},"sourceSize":{"w":448,"h":448}},"New Piskel51.png":{"frame":{"x":1344,"y":2688,"w":448,"h":448},"rotated":false,"trimmed":false,"spriteSourceSize":{"x":0,"y":0,"w":448,"h":448},"sourceSize":{"w":448,"h":448}},"New Piskel52.png":{"frame":{"x":1792,"y":2688,"w":448,"h":448},"rotated":false,"trimmed":false,"spriteSourceSize":{"x":0,"y":0,"w":448,"h":448},"sourceSize":{"w":448,"h":448}},"New Piskel53.png":{"frame":{"x":2240,"y":2688,"w":448,"h":448},"rotated":false,"trimmed":false,"spriteSourceSize":{"x":0,"y":0,"w":448,"h":448},"sourceSize":{"w":448,"h":448}},"New Piskel54.png":{"frame":{"x":2688,"y":2688,"w":448,"h":448},"rotated":false,"trimmed":false,"spriteSourceSize":{"x":0,"y":0,"w":448,"h":448},"sourceSize":{"w":448,"h":448}},"New Piskel55.png":{"frame":{"x":3136,"y":2688,"w":448,"h":448},"rotated":false,"trimmed":false,"spriteSourceSize":{"x":0,"y":0,"w":448,"h":448},"sourceSize":{"w":448,"h":448}},"New Piskel56.png":{"frame":{"x":0,"y":3136,"w":448,"h":448},"rotated":false,"trimmed":false,"spriteSourceSize":{"x":0,"y":0,"w":448,"h":448},"sourceSize":{"w":448,"h":448}},"New Piskel57.png":{"frame":{"x":448,"y":3136,"w":448,"h":448},"rotated":false,"trimmed":false,"spriteSourceSize":{"x":0,"y":0,"w":448,"h":448},"sourceSize":{"w":448,"h":448}},"New Piskel58.png":{"frame":{"x":896,"y":3136,"w":448,"h":448},"rotated":false,"trimmed":false,"spriteSourceSize":{"x":0,"y":0,"w":448,"h":448},"sourceSize":{"w":448,"h":448}},"New Piskel59.png":{"frame":{"x":1344,"y":3136,"w":448,"h":448},"rotated":false,"trimmed":false,"spriteSourceSize":{"x":0,"y":0,"w":448,"h":448},"sourceSize":{"w":448,"h":448}},"New Piskel60.png":{"frame":{"x":1792,"y":3136,"w":448,"h":448},"rotated":false,"trimmed":false,"spriteSourceSize":{"x":0,"y":0,"w":448,"h":448},"sourceSize":{"w":448,"h":448}},"New Piskel61.png":{"frame":{"x":2240,"y":3136,"w":448,"h":448},"rotated":false,"trimmed":false,"spriteSourceSize":{"x":0,"y":0,"w":448,"h":448},"sourceSize":{"w":448,"h":448}}},"meta":{"app":"https://github.com/piskelapp/piskel/","version":"1.0","image":"New Piskel.png","format":"RGBA8888","size":{"w":3584,"h":3584}}}